{"cameraMode":{"drawMode":0,"name":"Shaded","section":"Shading Mode"},"sceneLighting":true,"audioPlay":false,"sceneViewState":{"showFog":true,"showMaterialUpdate":false,"showSkybox":true,"showFlares":true,"showImageEffects":true,"showParticleSystems":true},"in2DMode":false,"pivot":{"x":-0.9473114013671875,"y":5.062262535095215,"z":6.429450511932373},"rotation":{"x":-0.0004719620628748089,"y":-0.9973013997077942,"z":0.07374448329210282,"w":-0.005373118445277214},"size":0.6858921051025391,"orthographic":false}