{"cameraMode":{"drawMode":0,"name":"Shaded","section":"Shading Mode"},"sceneLighting":false,"audioPlay":false,"sceneViewState":{"showFog":true,"showMaterialUpdate":false,"showSkybox":false,"showFlares":true,"showImageEffects":true,"showParticleSystems":true},"in2DMode":false,"pivot":{"x":-3.788403034210205,"y":-0.11976936459541321,"z":10.747907638549805},"rotation":{"x":0.2130029946565628,"y":0.32974204421043398,"z":-0.07656916230916977,"w":0.9166098237037659},"size":22.0,"orthographic":false}